Workbook

Sheet Sheet1
A2: Ngày làm lệnh | B2: Lệnh | C2: Tên SP | D2: Số lượng | E2: Số hộp đạt
A3: 46178 | B3: 26 | C3: Hộp 24 lon bia HN Vàng | D3: =E3*1.015 -> 101500 | E3: 100000 | F3: =+A3 -> 46178

Sheet In
G1: =+VLOOKUP($G$2,Sheet1!$B$3:$Z$100,5,0) -> 46178
G2: 26
G3: =+VLOOKUP($G$2,Sheet1!$B$3:$C$100,2,0) -> Hộp 24 lon bia HN Vàng
A4: LỆNH IN
A5: ="Ngày "&DAY($G$1)&" tháng "&MONTH($G$1)&" năm "&YEAR($G$1) -> Ngày 5 tháng 6 năm 2026
A7: Tên sản phẩm: | C7: =+G3 -> Hộp 24 lon bia HN Vàng
A8: ="Lệnh sản xuất: FHT-"&$G$2&"" -> Lệnh sản xuất: FHT-26
A10: I. Nguyên vật liệu sử dụng
A11: STT | B11: Tên vật tư | D11: Đơn vị | E11: Số lượng | F11: Ghi chú
A12: 1 | B12: Duplex 230/825*541 | D12: Tờ | E12: =Sheet1!D3 -> 101500
A13: 2 | B13: Bản in | D13: Tấm | E13: 8
A14: 3 | B14: Mực in offset màu đen | D14: Kg | E14: 1.524
A15: 4 | B15: Mực in offset màu vàng | D15: Kg | E15: 35.56
A16: 5 | B16: Mực in offset màu đỏ sen | D16: Kg | E16: 35.56
A17: 6 | B17: Mực in offset màu đỏ cờ | D17: Kg | E17: 22.86
A18: 7 | B18: Dầu pha mực | D18: Kg | E18: 0.14224
A19: 8 | B19: Nước tiết kiệm cồn stabilat | D19: Lít | E19: 7.3152
A20: 9 | B20: Cồn IPA | D20: Lít | E20: 21.4376
A21: 10 | B21: Dung dịch rửa lô | D21: Lít | E21: 11.176
A22: 11 | B22: Chất phủ bóng | D22: Kg | E22: 187.5536
A25: II. Yêu cầu sản xuất
A26: - Số màu in: 04 | D26: Thứ tự in: Đen -Đỏ- Vàng- Đỏ pha-Phủ bóng.
A27: - Duyệt sản phẩm theo mẫu số: 01/H03/QM
A28: - Tổng số lượng giấy xuất: | D28: =E12 -> 101500 | E28: Tờ
A29: - Hao phí cho phép: 900 tờ | D29: =Sheet1!E3*0.009 -> 900 | E29: Tờ
A30: - Số lượng yêu cầu in đạt : | D30: =D28-D29 -> 100600 | E30: Tờ
A31: - Ngày dự kiến sản xuất: / /2026
A32: - Ngày dự kiến hoàn thành:…./ /2026
B36: Người lập | E36: Xí nghiệp sản xuất bao bì
E37: P.Giám đốc
D43: Nguyễn Khánh Vi
A47: III. Báo cáo sản lượng sản xuất
A48: Ngày | B48: Ca sản xuất | C48: Sản lượng đạt | D48: Sản lượng hỏng | E48: Nguyên nhân lỗi | F48: Ký tên
A61: Tổng cộng
A64: Tổ trưởng/Trưởng ca | D64: Thống kê | E64: Xí nghiệp sản xuất bao bì
E65: P.Giám đốc

Sheet KCS
I1: =+In!$G$1 -> 46178
I2: =+In!$G$2 -> 26
A4: LỆNH KCS
A5: ="Ngày "&DAY($I$1)&" tháng "&MONTH($I$1)&" năm "&YEAR($I$1) -> Ngày 5 tháng 6 năm 2026
A7: =+In!$A$7 -> Tên sản phẩm: | C7: =+In!$C$7 -> Hộp 24 lon bia HN Vàng
A8: =+In!$A$8 -> Lệnh sản xuất: FHT-26
A10: I. Yêu cầu sản xuất
A11: Kiểm tra chất lượng sản phẩm theo các tiêu chí sau:
A12: - Nội dung, màu sắc: Theo mẫu .........................................TCCL số: 01/H03/QM
A13: - Tổng số lượng yêu cầu kiểm soát: | D13: =In!D30 -> 100600 | E13: Tờ | F13: (Chi tiết trong Phiếu Y/c kiểm soát)
B14: Người lập | F14: Xí nghiệp sản xuất bao bì
F15: P.Giám đốc
E19: Nguyễn Khánh Vi
A20: III. Báo cáo sản lượng sản xuất
A21: Ngày kiểm | B21: Ngày/ca in | C21: Lệnh in | D21: Đ/v | E21: Số lượng | F21: Đánh giá chất lượng | G21: Người kiểm | H21: XN in xác nhận
A35: Tổng cộng
B38: Tổ trưởng/Trưởng ca | F38: Xí nghiệp sản xuất bao bì
F39: P.Giám đốc

Sheet Bồi
H1: =+In!$G$1 -> 46178
H2: =+In!$G$2 -> 26
A4: LỆNH BỒI
A5: ="Ngày "&DAY($H$1)&" tháng "&MONTH($H$1)&" năm "&YEAR($H$1) -> Ngày 5 tháng 6 năm 2026
A7: =+In!$A$7 -> Tên sản phẩm: | C7: =+In!$C$7 -> Hộp 24 lon bia HN Vàng
A8: =KCS!A8 -> Lệnh sản xuất: FHT-26
A9: 1. Vật tư, nguyên vật liệu:
A10: - Số lượng tờ in: | C10: =KCS!D13 -> 100600 | D10: Tờ
A11: - Loại sóng: Sóng E 818*534mm | E11: Số lượng: | F11: =C10 -> 100600 | G11: Tấm
A12: - Keo bồi: 825 Kg
A13: 2. Yêu cầu về chất lượng, số lượng và tiến độ:
A14: - TCCL sản phẩm số 01/H04/QM
A15: - Hao phí cho phép: 0.3% | D15: =C10*0.003-2 -> 299.8 | E15: Tờ
A16: - Số lượng tờ bồi yêu cầu đạt: | D16: =C10-D15 -> 100300.2 | E16: Tờ
A17: - Thời gian dự kiến sản xuất: ...../ /2026
A18: - Thời gian dự kiến hoàn thành: ...../ /2026
B20: Người lập | F20: Xí nghiệp sản xuất bao bì
F21: P.Giám đốc
F25: Nguyễn Khánh Vi
A26: III. Báo cáo sản lượng sản xuất
A27: - Số lượng tờ in giao thực tế:……………….....................……….tờ
A28: Ngày | B28: Ca sản xuất | C28: ĐVT | D28: Đạt | E28: Hỏng | F28: Nguyên nhân lỗi | G28: Ký tên
A38: Tổng cộng
B40: Tổ trưởng/Trưởng ca | F40: Xí nghiệp sản xuất bao bì
F41: P.Giám đốc

Sheet Bế
H1: =+In!$G$1 -> 46178
H2: =+In!$G$2 -> 26
A3: LỆNH BẾ
A4: ="Ngày "&DAY($H$1)&" tháng "&MONTH($H$1)&" năm "&YEAR($H$1) -> Ngày 5 tháng 6 năm 2026
A5: =+In!$A$7 -> Tên sản phẩm: | C5: =+In!$C$7 -> Hộp 24 lon bia HN Vàng
A6: =Bồi!A8 -> Lệnh sản xuất: FHT-26
A7: I. Yêu cầu sản xuất:
A8: 1. Thông số kỹ thuật:
A9: - Số sản phẩm/lần bế:1/1
A10: - Kích thước hộp: 403*268.5*117.5 mm
A11: - Duyệt sản phẩm: Theo mẫu số: 01 - TCCL số 01/H04/QM
A12: 2. Yêu cầu về số lượng và tiến độ
A13: Tờ bồi dự kiến: | D13: =Bồi!D16 -> 100300.2 | E13: Tờ
A14: - Hao phí : 0.3% | D14: =D13*0.003-1 -> 299.9006 | E14: Tờ
A15: - Số lượng TP yêu cầu đạt: | D15: =D13-D14 -> 100000.3 | E15: Tờ
A16: ,- Thời gian dự kiến sản xuất: / /2026.
A17: - Thời gian dự kiến hoàn thành: …./ /2026
B18: Người lập | F18: Xí nghiệp sản xuất bao bì
F19: P.Giám đốc
F23: Nguyễn Khánh Vi
A24: III. Báo cáo sản lượng sản xuất
A25: - Số lượng tờ in giao thực tế:……………….....................……….tờ
A26: Ngày | B26: Ca sản xuất | C26: ĐVT | D26: Đạt | E26: Hỏng | F26: Nguyên nhân lỗi | G26: Ký tên
A36: Tổng cộng
B38: Tổ trưởng/Trưởng ca | F38: Xí nghiệp sản xuất bao bì
F39: P.Giám đốc
